ablation,dataset,w,d,task,method,method_seed,n_train,n_test,feature_dim,raw_dim,artifact_dir,train_mse,test_mse
architecture,varma_e2_three__N=6000__w=25__d=3__s=100,25,3,one_step_forecast,quark_reservoir_channel_cupy_direct_arch_baseline_n5_R3_k2_lam0p1,0,5000,1000,315,75,/home/local/USHERBROOKE/aara2601/projects/quark/storage/results/rebuttal/varma_ablation/architecture/varma_e2_three__N=6000__w=25__d=3__s=100/split=deterministic_random_Ntr=5000_Nte=1000_seed=0/quark_reservoir_channel_cupy_direct_arch_baseline_n5_R3_k2_lam0p1/seed=0,8.6391434436078245e-08,0.00011716149698585745
architecture,varma_e2_three__N=6000__w=25__d=3__s=100,25,3,one_step_forecast,quark_reservoir_channel_cupy_direct_arch_baseline_n5_R3_k2_lam0p1_kernel_readout_retune,0,5000,1000,315,75,/home/local/USHERBROOKE/aara2601/projects/quark/storage/results/rebuttal/varma_ablation/architecture/varma_e2_three__N=6000__w=25__d=3__s=100/split=deterministic_random_Ntr=5000_Nte=1000_seed=0/quark_reservoir_channel_cupy_direct_arch_baseline_n5_R3_k2_lam0p1_kernel_readout_retune/seed=0,4.9233953022672705e-06,0.00012292138655872826
architecture,varma_e2_three__N=6000__w=25__d=3__s=100,25,3,one_step_forecast,quark_reservoir_channel_cupy_direct_arch_no_jl_identity_pad_n5_R3_k2_lam0p1,0,5000,1000,315,75,/home/local/USHERBROOKE/aara2601/projects/quark/storage/results/rebuttal/varma_ablation/architecture/varma_e2_three__N=6000__w=25__d=3__s=100/split=deterministic_random_Ntr=5000_Nte=1000_seed=0/quark_reservoir_channel_cupy_direct_arch_no_jl_identity_pad_n5_R3_k2_lam0p1/seed=0,1.9425543066436141e-13,0.0029048443131732275
architecture,varma_e2_three__N=6000__w=25__d=3__s=100,25,3,one_step_forecast,quark_reservoir_channel_cupy_direct_arch_no_jl_identity_pad_n5_R3_k2_lam0p1_kernel_readout_retune,0,5000,1000,315,75,/home/local/USHERBROOKE/aara2601/projects/quark/storage/results/rebuttal/varma_ablation/architecture/varma_e2_three__N=6000__w=25__d=3__s=100/split=deterministic_random_Ntr=5000_Nte=1000_seed=0/quark_reservoir_channel_cupy_direct_arch_no_jl_identity_pad_n5_R3_k2_lam0p1_kernel_readout_retune/seed=0,7.333742322448052e-13,0.0029942573047236159
architecture,varma_e2_three__N=6000__w=25__d=3__s=100,25,3,one_step_forecast,quark_reservoir_channel_cupy_direct_arch_sweep_n10_R3_k2_lam0p1,0,5000,1000,1305,75,/home/local/USHERBROOKE/aara2601/projects/quark/storage/results/rebuttal/varma_ablation/architecture/varma_e2_three__N=6000__w=25__d=3__s=100/split=deterministic_random_Ntr=5000_Nte=1000_seed=0/quark_reservoir_channel_cupy_direct_arch_sweep_n10_R3_k2_lam0p1/seed=0,4.3315112334835239e-07,2.2114150732805071e-05
architecture,varma_e2_three__N=6000__w=25__d=3__s=100,25,3,one_step_forecast,quark_reservoir_channel_cupy_direct_arch_sweep_n10_R3_k2_lam0p1_kernel_readout_retune,0,5000,1000,1305,75,/home/local/USHERBROOKE/aara2601/projects/quark/storage/results/rebuttal/varma_ablation/architecture/varma_e2_three__N=6000__w=25__d=3__s=100/split=deterministic_random_Ntr=5000_Nte=1000_seed=0/quark_reservoir_channel_cupy_direct_arch_sweep_n10_R3_k2_lam0p1_kernel_readout_retune/seed=0,4.331597939001951e-07,2.2114111697213946e-05
architecture,varma_e2_three__N=6000__w=25__d=3__s=100,25,3,one_step_forecast,quark_reservoir_channel_cupy_direct_arch_sweep_n3_R3_k2_lam0p1,0,5000,1000,108,75,/home/local/USHERBROOKE/aara2601/projects/quark/storage/results/rebuttal/varma_ablation/architecture/varma_e2_three__N=6000__w=25__d=3__s=100/split=deterministic_random_Ntr=5000_Nte=1000_seed=0/quark_reservoir_channel_cupy_direct_arch_sweep_n3_R3_k2_lam0p1/seed=0,1.8524189651441613e-06,0.0003338977845295058
architecture,varma_e2_three__N=6000__w=25__d=3__s=100,25,3,one_step_forecast,quark_reservoir_channel_cupy_direct_arch_sweep_n3_R3_k2_lam0p1_kernel_readout_retune,0,5000,1000,108,75,/home/local/USHERBROOKE/aara2601/projects/quark/storage/results/rebuttal/varma_ablation/architecture/varma_e2_three__N=6000__w=25__d=3__s=100/split=deterministic_random_Ntr=5000_Nte=1000_seed=0/quark_reservoir_channel_cupy_direct_arch_sweep_n3_R3_k2_lam0p1_kernel_readout_retune/seed=0,1.2380933527416321e-05,0.00035374880069217118
architecture,varma_e2_three__N=6000__w=25__d=3__s=100,25,3,one_step_forecast,quark_reservoir_channel_cupy_direct_arch_sweep_n6_R3_k2_lam0p1,0,5000,1000,459,75,/home/local/USHERBROOKE/aara2601/projects/quark/storage/results/rebuttal/varma_ablation/architecture/varma_e2_three__N=6000__w=25__d=3__s=100/split=deterministic_random_Ntr=5000_Nte=1000_seed=0/quark_reservoir_channel_cupy_direct_arch_sweep_n6_R3_k2_lam0p1/seed=0,6.3297882610119563e-08,4.1000787327823945e-06
architecture,varma_e2_three__N=6000__w=25__d=3__s=100,25,3,one_step_forecast,quark_reservoir_channel_cupy_direct_arch_sweep_n6_R3_k2_lam0p1_kernel_readout_retune,0,5000,1000,459,75,/home/local/USHERBROOKE/aara2601/projects/quark/storage/results/rebuttal/varma_ablation/architecture/varma_e2_three__N=6000__w=25__d=3__s=100/split=deterministic_random_Ntr=5000_Nte=1000_seed=0/quark_reservoir_channel_cupy_direct_arch_sweep_n6_R3_k2_lam0p1_kernel_readout_retune/seed=0,4.4275142066257157e-09,4.2616452544161592e-06
architecture,varma_e2_three__N=6000__w=25__d=3__s=100,25,3,one_step_forecast,quark_reservoir_channel_cupy_direct_arch_sweep_n8_R3_k2_lam0p1,0,5000,1000,828,75,/home/local/USHERBROOKE/aara2601/projects/quark/storage/results/rebuttal/varma_ablation/architecture/varma_e2_three__N=6000__w=25__d=3__s=100/split=deterministic_random_Ntr=5000_Nte=1000_seed=0/quark_reservoir_channel_cupy_direct_arch_sweep_n8_R3_k2_lam0p1/seed=0,2.3171153377239246e-06,2.5290640823983406e-05
architecture,varma_e2_three__N=6000__w=25__d=3__s=100,25,3,one_step_forecast,quark_reservoir_channel_cupy_direct_arch_sweep_n8_R3_k2_lam0p1_kernel_readout_retune,0,5000,1000,828,75,/home/local/USHERBROOKE/aara2601/projects/quark/storage/results/rebuttal/varma_ablation/architecture/varma_e2_three__N=6000__w=25__d=3__s=100/split=deterministic_random_Ntr=5000_Nte=1000_seed=0/quark_reservoir_channel_cupy_direct_arch_sweep_n8_R3_k2_lam0p1_kernel_readout_retune/seed=0,4.1921328815690827e-06,2.6181878292239642e-05
architecture,varma_e2_three__N=6000__w=25__d=3__s=100,25,3,one_step_forecast,quark_reservoir_channel_cupy_direct_arch_sweep_n5_R1_k2_lam0p1,0,5000,1000,105,75,/home/local/USHERBROOKE/aara2601/projects/quark/storage/results/rebuttal/varma_ablation/architecture/varma_e2_three__N=6000__w=25__d=3__s=100/split=deterministic_random_Ntr=5000_Nte=1000_seed=0/quark_reservoir_channel_cupy_direct_arch_sweep_n5_R1_k2_lam0p1/seed=0,1.7999285577408548e-07,5.4475698595941659e-06
architecture,varma_e2_three__N=6000__w=25__d=3__s=100,25,3,one_step_forecast,quark_reservoir_channel_cupy_direct_arch_sweep_n5_R1_k2_lam0p1_kernel_readout_retune,0,5000,1000,105,75,/home/local/USHERBROOKE/aara2601/projects/quark/storage/results/rebuttal/varma_ablation/architecture/varma_e2_three__N=6000__w=25__d=3__s=100/split=deterministic_random_Ntr=5000_Nte=1000_seed=0/quark_reservoir_channel_cupy_direct_arch_sweep_n5_R1_k2_lam0p1_kernel_readout_retune/seed=0,2.7586437950598534e-08,5.473032504719314e-06
architecture,varma_e2_three__N=6000__w=25__d=3__s=100,25,3,one_step_forecast,quark_reservoir_channel_cupy_direct_arch_sweep_n5_R5_k2_lam0p1,0,5000,1000,525,75,/home/local/USHERBROOKE/aara2601/projects/quark/storage/results/rebuttal/varma_ablation/architecture/varma_e2_three__N=6000__w=25__d=3__s=100/split=deterministic_random_Ntr=5000_Nte=1000_seed=0/quark_reservoir_channel_cupy_direct_arch_sweep_n5_R5_k2_lam0p1/seed=0,4.0814276527230444e-07,0.00033194102222340881
architecture,varma_e2_three__N=6000__w=25__d=3__s=100,25,3,one_step_forecast,quark_reservoir_channel_cupy_direct_arch_sweep_n5_R5_k2_lam0p1_kernel_readout_retune,0,5000,1000,525,75,/home/local/USHERBROOKE/aara2601/projects/quark/storage/results/rebuttal/varma_ablation/architecture/varma_e2_three__N=6000__w=25__d=3__s=100/split=deterministic_random_Ntr=5000_Nte=1000_seed=0/quark_reservoir_channel_cupy_direct_arch_sweep_n5_R5_k2_lam0p1_kernel_readout_retune/seed=0,0.00015624259466459281,0.00046018925677694775
architecture,varma_e2_three__N=6000__w=25__d=3__s=100,25,3,one_step_forecast,quark_reservoir_channel_cupy_direct_arch_sweep_n5_R8_k2_lam0p1,0,5000,1000,840,75,/home/local/USHERBROOKE/aara2601/projects/quark/storage/results/rebuttal/varma_ablation/architecture/varma_e2_three__N=6000__w=25__d=3__s=100/split=deterministic_random_Ntr=5000_Nte=1000_seed=0/quark_reservoir_channel_cupy_direct_arch_sweep_n5_R8_k2_lam0p1/seed=0,3.8637610541969112e-07,0.00015620623490311192
architecture,varma_e2_three__N=6000__w=25__d=3__s=100,25,3,one_step_forecast,quark_reservoir_channel_cupy_direct_arch_sweep_n5_R8_k2_lam0p1_kernel_readout_retune,0,5000,1000,840,75,/home/local/USHERBROOKE/aara2601/projects/quark/storage/results/rebuttal/varma_ablation/architecture/varma_e2_three__N=6000__w=25__d=3__s=100/split=deterministic_random_Ntr=5000_Nte=1000_seed=0/quark_reservoir_channel_cupy_direct_arch_sweep_n5_R8_k2_lam0p1_kernel_readout_retune/seed=0,3.998349949787457e-08,0.00015862259960901766
architecture,varma_e2_three__N=6000__w=25__d=3__s=100,25,3,one_step_forecast,quark_reservoir_channel_cupy_direct_arch_sweep_n5_R3_k1_lam0p1,0,5000,1000,45,75,/home/local/USHERBROOKE/aara2601/projects/quark/storage/results/rebuttal/varma_ablation/architecture/varma_e2_three__N=6000__w=25__d=3__s=100/split=deterministic_random_Ntr=5000_Nte=1000_seed=0/quark_reservoir_channel_cupy_direct_arch_sweep_n5_R3_k1_lam0p1/seed=0,3.7452833751767867e-06,0.00032420575882706845
architecture,varma_e2_three__N=6000__w=25__d=3__s=100,25,3,one_step_forecast,quark_reservoir_channel_cupy_direct_arch_sweep_n5_R3_k1_lam0p1_kernel_readout_retune,0,5000,1000,45,75,/home/local/USHERBROOKE/aara2601/projects/quark/storage/results/rebuttal/varma_ablation/architecture/varma_e2_three__N=6000__w=25__d=3__s=100/split=deterministic_random_Ntr=5000_Nte=1000_seed=0/quark_reservoir_channel_cupy_direct_arch_sweep_n5_R3_k1_lam0p1_kernel_readout_retune/seed=0,0.0001007361594983117,0.00041209478149528743
architecture,varma_e2_three__N=6000__w=25__d=3__s=100,25,3,one_step_forecast,quark_reservoir_channel_cupy_direct_arch_sweep_n5_R3_k3_lam0p1,0,5000,1000,1125,75,/home/local/USHERBROOKE/aara2601/projects/quark/storage/results/rebuttal/varma_ablation/architecture/varma_e2_three__N=6000__w=25__d=3__s=100/split=deterministic_random_Ntr=5000_Nte=1000_seed=0/quark_reservoir_channel_cupy_direct_arch_sweep_n5_R3_k3_lam0p1/seed=0,5.7658719960425822e-07,0.00010613774899224346
architecture,varma_e2_three__N=6000__w=25__d=3__s=100,25,3,one_step_forecast,quark_reservoir_channel_cupy_direct_arch_sweep_n5_R3_k3_lam0p1_kernel_readout_retune,0,5000,1000,1125,75,/home/local/USHERBROOKE/aara2601/projects/quark/storage/results/rebuttal/varma_ablation/architecture/varma_e2_three__N=6000__w=25__d=3__s=100/split=deterministic_random_Ntr=5000_Nte=1000_seed=0/quark_reservoir_channel_cupy_direct_arch_sweep_n5_R3_k3_lam0p1_kernel_readout_retune/seed=0,7.021138993718905e-09,0.00011525682183427053
architecture,varma_e2_three__N=6000__w=25__d=3__s=100,25,3,one_step_forecast,quark_reservoir_channel_cupy_direct_arch_sweep_n5_R3_k2_lam0p01,0,5000,1000,315,75,/home/local/USHERBROOKE/aara2601/projects/quark/storage/results/rebuttal/varma_ablation/architecture/varma_e2_three__N=6000__w=25__d=3__s=100/split=deterministic_random_Ntr=5000_Nte=1000_seed=0/quark_reservoir_channel_cupy_direct_arch_sweep_n5_R3_k2_lam0p01/seed=0,3.1954417107307851e-07,7.5553564841955706e-05
architecture,varma_e2_three__N=6000__w=25__d=3__s=100,25,3,one_step_forecast,quark_reservoir_channel_cupy_direct_arch_sweep_n5_R3_k2_lam0p01_kernel_readout_retune,0,5000,1000,315,75,/home/local/USHERBROOKE/aara2601/projects/quark/storage/results/rebuttal/varma_ablation/architecture/varma_e2_three__N=6000__w=25__d=3__s=100/split=deterministic_random_Ntr=5000_Nte=1000_seed=0/quark_reservoir_channel_cupy_direct_arch_sweep_n5_R3_k2_lam0p01_kernel_readout_retune/seed=0,3.2109514330100146e-06,7.8750790527836649e-05
architecture,varma_e2_three__N=6000__w=25__d=3__s=100,25,3,one_step_forecast,quark_reservoir_channel_cupy_direct_arch_sweep_n5_R3_k2_lam0p05,0,5000,1000,315,75,/home/local/USHERBROOKE/aara2601/projects/quark/storage/results/rebuttal/varma_ablation/architecture/varma_e2_three__N=6000__w=25__d=3__s=100/split=deterministic_random_Ntr=5000_Nte=1000_seed=0/quark_reservoir_channel_cupy_direct_arch_sweep_n5_R3_k2_lam0p05/seed=0,1.6454095341360889e-07,9.1253506173833698e-05
architecture,varma_e2_three__N=6000__w=25__d=3__s=100,25,3,one_step_forecast,quark_reservoir_channel_cupy_direct_arch_sweep_n5_R3_k2_lam0p05_kernel_readout_retune,0,5000,1000,315,75,/home/local/USHERBROOKE/aara2601/projects/quark/storage/results/rebuttal/varma_ablation/architecture/varma_e2_three__N=6000__w=25__d=3__s=100/split=deterministic_random_Ntr=5000_Nte=1000_seed=0/quark_reservoir_channel_cupy_direct_arch_sweep_n5_R3_k2_lam0p05_kernel_readout_retune/seed=0,3.937586293380352e-06,9.6323186244975245e-05
architecture,varma_e2_three__N=6000__w=25__d=3__s=100,25,3,one_step_forecast,quark_reservoir_channel_cupy_direct_arch_sweep_n5_R3_k2_lam0p3,0,5000,1000,315,75,/home/local/USHERBROOKE/aara2601/projects/quark/storage/results/rebuttal/varma_ablation/architecture/varma_e2_three__N=6000__w=25__d=3__s=100/split=deterministic_random_Ntr=5000_Nte=1000_seed=0/quark_reservoir_channel_cupy_direct_arch_sweep_n5_R3_k2_lam0p3/seed=0,2.8398629396902479e-10,0.00025653656682913314
architecture,varma_e2_three__N=6000__w=25__d=3__s=100,25,3,one_step_forecast,quark_reservoir_channel_cupy_direct_arch_sweep_n5_R3_k2_lam0p3_kernel_readout_retune,0,5000,1000,315,75,/home/local/USHERBROOKE/aara2601/projects/quark/storage/results/rebuttal/varma_ablation/architecture/varma_e2_three__N=6000__w=25__d=3__s=100/split=deterministic_random_Ntr=5000_Nte=1000_seed=0/quark_reservoir_channel_cupy_direct_arch_sweep_n5_R3_k2_lam0p3_kernel_readout_retune/seed=0,1.8373179283941129e-09,0.00025736747481216673
architecture,varma_e2_three__N=6000__w=25__d=3__s=100,25,3,one_step_forecast,quark_reservoir_channel_cupy_direct_arch_sweep_n5_R3_k2_lam0p5,0,5000,1000,315,75,/home/local/USHERBROOKE/aara2601/projects/quark/storage/results/rebuttal/varma_ablation/architecture/varma_e2_three__N=6000__w=25__d=3__s=100/split=deterministic_random_Ntr=5000_Nte=1000_seed=0/quark_reservoir_channel_cupy_direct_arch_sweep_n5_R3_k2_lam0p5/seed=0,1.0809244832009438e-09,0.00037586295503155717
architecture,varma_e2_three__N=6000__w=25__d=3__s=100,25,3,one_step_forecast,quark_reservoir_channel_cupy_direct_arch_sweep_n5_R3_k2_lam0p5_kernel_readout_retune,0,5000,1000,315,75,/home/local/USHERBROOKE/aara2601/projects/quark/storage/results/rebuttal/varma_ablation/architecture/varma_e2_three__N=6000__w=25__d=3__s=100/split=deterministic_random_Ntr=5000_Nte=1000_seed=0/quark_reservoir_channel_cupy_direct_arch_sweep_n5_R3_k2_lam0p5_kernel_readout_retune/seed=0,1.6982434820099882e-09,0.00037659381833006635
architecture,varma_e2_three__N=6000__w=25__d=3__s=100,25,3,one_step_forecast,quark_reservoir_channel_cupy_direct_arch_sweep_n5_R3_k2_lam0p8,0,5000,1000,315,75,/home/local/USHERBROOKE/aara2601/projects/quark/storage/results/rebuttal/varma_ablation/architecture/varma_e2_three__N=6000__w=25__d=3__s=100/split=deterministic_random_Ntr=5000_Nte=1000_seed=0/quark_reservoir_channel_cupy_direct_arch_sweep_n5_R3_k2_lam0p8/seed=0,7.5987525389548074e-10,0.00069147594649696836
architecture,varma_e2_three__N=6000__w=25__d=3__s=100,25,3,one_step_forecast,quark_reservoir_channel_cupy_direct_arch_sweep_n5_R3_k2_lam0p8_kernel_readout_retune,0,5000,1000,315,75,/home/local/USHERBROOKE/aara2601/projects/quark/storage/results/rebuttal/varma_ablation/architecture/varma_e2_three__N=6000__w=25__d=3__s=100/split=deterministic_random_Ntr=5000_Nte=1000_seed=0/quark_reservoir_channel_cupy_direct_arch_sweep_n5_R3_k2_lam0p8_kernel_readout_retune/seed=0,5.9373717498929252e-06,0.00073718564207808353
architecture,varma_e2_three__N=6000__w=25__d=3__s=100,25,3,one_step_forecast,quark_reservoir_channel_cupy_direct_arch_sweep_n5_R3_k2_lam0p95,0,5000,1000,315,75,/home/local/USHERBROOKE/aara2601/projects/quark/storage/results/rebuttal/varma_ablation/architecture/varma_e2_three__N=6000__w=25__d=3__s=100/split=deterministic_random_Ntr=5000_Nte=1000_seed=0/quark_reservoir_channel_cupy_direct_arch_sweep_n5_R3_k2_lam0p95/seed=0,6.231247200199197e-10,0.0012015924287924658
architecture,varma_e2_three__N=6000__w=25__d=3__s=100,25,3,one_step_forecast,quark_reservoir_channel_cupy_direct_arch_sweep_n5_R3_k2_lam0p95_kernel_readout_retune,0,5000,1000,315,75,/home/local/USHERBROOKE/aara2601/projects/quark/storage/results/rebuttal/varma_ablation/architecture/varma_e2_three__N=6000__w=25__d=3__s=100/split=deterministic_random_Ntr=5000_Nte=1000_seed=0/quark_reservoir_channel_cupy_direct_arch_sweep_n5_R3_k2_lam0p95_kernel_readout_retune/seed=0,3.8701701942905534e-06,0.0012544492748421429
architecture,varma_e2_three__N=6000__w=25__d=3__s=100,25,3,one_step_forecast,quark_reservoir_channel_cupy_direct_arch_zero_dynamics_n5_R3_k2_lam0p1,0,5000,1000,315,75,/home/local/USHERBROOKE/aara2601/projects/quark/storage/results/rebuttal/varma_ablation/architecture/varma_e2_three__N=6000__w=25__d=3__s=100/split=deterministic_random_Ntr=5000_Nte=1000_seed=0/quark_reservoir_channel_cupy_direct_arch_zero_dynamics_n5_R3_k2_lam0p1/seed=0,4.935693522532714e-05,0.00032820910009324466
architecture,varma_e2_three__N=6000__w=25__d=3__s=100,25,3,one_step_forecast,quark_reservoir_channel_cupy_direct_arch_zero_dynamics_n5_R3_k2_lam0p1_kernel_readout_retune,0,5000,1000,315,75,/home/local/USHERBROOKE/aara2601/projects/quark/storage/results/rebuttal/varma_ablation/architecture/varma_e2_three__N=6000__w=25__d=3__s=100/split=deterministic_random_Ntr=5000_Nte=1000_seed=0/quark_reservoir_channel_cupy_direct_arch_zero_dynamics_n5_R3_k2_lam0p1_kernel_readout_retune/seed=0,7.7552913686389262e-05,0.00033501311241327519
architecture,varma_e2_three__N=6000__w=25__d=3__s=100,25,3,exp_fading_linear,quark_reservoir_channel_cupy_direct_arch_baseline_n5_R3_k2_lam0p1,0,5000,1000,315,75,/home/local/USHERBROOKE/aara2601/projects/quark/storage/results/rebuttal/varma_ablation/architecture/varma_e2_three__N=6000__w=25__d=3__s=100/split=deterministic_random_Ntr=5000_Nte=1000_seed=0/quark_reservoir_channel_cupy_direct_arch_baseline_n5_R3_k2_lam0p1/seed=0,6.9574029532870843e-09,0.51426711607593834
architecture,varma_e2_three__N=6000__w=25__d=3__s=100,25,3,exp_fading_linear,quark_reservoir_channel_cupy_direct_arch_baseline_n5_R3_k2_lam0p1_kernel_readout_retune,0,5000,1000,315,75,/home/local/USHERBROOKE/aara2601/projects/quark/storage/results/rebuttal/varma_ablation/architecture/varma_e2_three__N=6000__w=25__d=3__s=100/split=deterministic_random_Ntr=5000_Nte=1000_seed=0/quark_reservoir_channel_cupy_direct_arch_baseline_n5_R3_k2_lam0p1_kernel_readout_retune/seed=0,0.20316217088080593,0.47650963906367305
architecture,varma_e2_three__N=6000__w=25__d=3__s=100,25,3,exp_fading_linear,quark_reservoir_channel_cupy_direct_arch_no_jl_identity_pad_n5_R3_k2_lam0p1,0,5000,1000,315,75,/home/local/USHERBROOKE/aara2601/projects/quark/storage/results/rebuttal/varma_ablation/architecture/varma_e2_three__N=6000__w=25__d=3__s=100/split=deterministic_random_Ntr=5000_Nte=1000_seed=0/quark_reservoir_channel_cupy_direct_arch_no_jl_identity_pad_n5_R3_k2_lam0p1/seed=0,3.7680825774130327e-09,0.30727835781073537
architecture,varma_e2_three__N=6000__w=25__d=3__s=100,25,3,exp_fading_linear,quark_reservoir_channel_cupy_direct_arch_no_jl_identity_pad_n5_R3_k2_lam0p1_kernel_readout_retune,0,5000,1000,315,75,/home/local/USHERBROOKE/aara2601/projects/quark/storage/results/rebuttal/varma_ablation/architecture/varma_e2_three__N=6000__w=25__d=3__s=100/split=deterministic_random_Ntr=5000_Nte=1000_seed=0/quark_reservoir_channel_cupy_direct_arch_no_jl_identity_pad_n5_R3_k2_lam0p1_kernel_readout_retune/seed=0,0.19605252654653732,0.30099152577587063
architecture,varma_e2_three__N=6000__w=25__d=3__s=100,25,3,exp_fading_linear,quark_reservoir_channel_cupy_direct_arch_sweep_n10_R3_k2_lam0p1,0,5000,1000,1305,75,/home/local/USHERBROOKE/aara2601/projects/quark/storage/results/rebuttal/varma_ablation/architecture/varma_e2_three__N=6000__w=25__d=3__s=100/split=deterministic_random_Ntr=5000_Nte=1000_seed=0/quark_reservoir_channel_cupy_direct_arch_sweep_n10_R3_k2_lam0p1/seed=0,2.2554013151909864e-12,0.34757211776760311
architecture,varma_e2_three__N=6000__w=25__d=3__s=100,25,3,exp_fading_linear,quark_reservoir_channel_cupy_direct_arch_sweep_n10_R3_k2_lam0p1_kernel_readout_retune,0,5000,1000,1305,75,/home/local/USHERBROOKE/aara2601/projects/quark/storage/results/rebuttal/varma_ablation/architecture/varma_e2_three__N=6000__w=25__d=3__s=100/split=deterministic_random_Ntr=5000_Nte=1000_seed=0/quark_reservoir_channel_cupy_direct_arch_sweep_n10_R3_k2_lam0p1_kernel_readout_retune/seed=0,1.4793813696103342e-12,0.34671795872602101
architecture,varma_e2_three__N=6000__w=25__d=3__s=100,25,3,exp_fading_linear,quark_reservoir_channel_cupy_direct_arch_sweep_n3_R3_k2_lam0p1,0,5000,1000,108,75,/home/local/USHERBROOKE/aara2601/projects/quark/storage/results/rebuttal/varma_ablation/architecture/varma_e2_three__N=6000__w=25__d=3__s=100/split=deterministic_random_Ntr=5000_Nte=1000_seed=0/quark_reservoir_channel_cupy_direct_arch_sweep_n3_R3_k2_lam0p1/seed=0,1.1476709478256119e-08,0.39869266579957374
architecture,varma_e2_three__N=6000__w=25__d=3__s=100,25,3,exp_fading_linear,quark_reservoir_channel_cupy_direct_arch_sweep_n3_R3_k2_lam0p1_kernel_readout_retune,0,5000,1000,108,75,/home/local/USHERBROOKE/aara2601/projects/quark/storage/results/rebuttal/varma_ablation/architecture/varma_e2_three__N=6000__w=25__d=3__s=100/split=deterministic_random_Ntr=5000_Nte=1000_seed=0/quark_reservoir_channel_cupy_direct_arch_sweep_n3_R3_k2_lam0p1_kernel_readout_retune/seed=0,0.033268723475199151,0.3949961771858041
architecture,varma_e2_three__N=6000__w=25__d=3__s=100,25,3,exp_fading_linear,quark_reservoir_channel_cupy_direct_arch_sweep_n6_R3_k2_lam0p1,0,5000,1000,459,75,/home/local/USHERBROOKE/aara2601/projects/quark/storage/results/rebuttal/varma_ablation/architecture/varma_e2_three__N=6000__w=25__d=3__s=100/split=deterministic_random_Ntr=5000_Nte=1000_seed=0/quark_reservoir_channel_cupy_direct_arch_sweep_n6_R3_k2_lam0p1/seed=0,1.5174467921636629e-08,0.36278923244008932
architecture,varma_e2_three__N=6000__w=25__d=3__s=100,25,3,exp_fading_linear,quark_reservoir_channel_cupy_direct_arch_sweep_n6_R3_k2_lam0p1_kernel_readout_retune,0,5000,1000,459,75,/home/local/USHERBROOKE/aara2601/projects/quark/storage/results/rebuttal/varma_ablation/architecture/varma_e2_three__N=6000__w=25__d=3__s=100/split=deterministic_random_Ntr=5000_Nte=1000_seed=0/quark_reservoir_channel_cupy_direct_arch_sweep_n6_R3_k2_lam0p1_kernel_readout_retune/seed=0,0.23147926411232492,0.28505630311684088
architecture,varma_e2_three__N=6000__w=25__d=3__s=100,25,3,exp_fading_linear,quark_reservoir_channel_cupy_direct_arch_sweep_n8_R3_k2_lam0p1,0,5000,1000,828,75,/home/local/USHERBROOKE/aara2601/projects/quark/storage/results/rebuttal/varma_ablation/architecture/varma_e2_three__N=6000__w=25__d=3__s=100/split=deterministic_random_Ntr=5000_Nte=1000_seed=0/quark_reservoir_channel_cupy_direct_arch_sweep_n8_R3_k2_lam0p1/seed=0,0.00047955952850806398,0.42534356857481459
architecture,varma_e2_three__N=6000__w=25__d=3__s=100,25,3,exp_fading_linear,quark_reservoir_channel_cupy_direct_arch_sweep_n8_R3_k2_lam0p1_kernel_readout_retune,0,5000,1000,828,75,/home/local/USHERBROOKE/aara2601/projects/quark/storage/results/rebuttal/varma_ablation/architecture/varma_e2_three__N=6000__w=25__d=3__s=100/split=deterministic_random_Ntr=5000_Nte=1000_seed=0/quark_reservoir_channel_cupy_direct_arch_sweep_n8_R3_k2_lam0p1_kernel_readout_retune/seed=0,0.00057242453798075812,0.45383376398633307
architecture,varma_e2_three__N=6000__w=25__d=3__s=100,25,3,exp_fading_linear,quark_reservoir_channel_cupy_direct_arch_sweep_n5_R1_k2_lam0p1,0,5000,1000,105,75,/home/local/USHERBROOKE/aara2601/projects/quark/storage/results/rebuttal/varma_ablation/architecture/varma_e2_three__N=6000__w=25__d=3__s=100/split=deterministic_random_Ntr=5000_Nte=1000_seed=0/quark_reservoir_channel_cupy_direct_arch_sweep_n5_R1_k2_lam0p1/seed=0,0.41836931026596103,0.53204397360730105
architecture,varma_e2_three__N=6000__w=25__d=3__s=100,25,3,exp_fading_linear,quark_reservoir_channel_cupy_direct_arch_sweep_n5_R1_k2_lam0p1_kernel_readout_retune,0,5000,1000,105,75,/home/local/USHERBROOKE/aara2601/projects/quark/storage/results/rebuttal/varma_ablation/architecture/varma_e2_three__N=6000__w=25__d=3__s=100/split=deterministic_random_Ntr=5000_Nte=1000_seed=0/quark_reservoir_channel_cupy_direct_arch_sweep_n5_R1_k2_lam0p1_kernel_readout_retune/seed=0,0.57257519157475156,0.61615708876941544
architecture,varma_e2_three__N=6000__w=25__d=3__s=100,25,3,exp_fading_linear,quark_reservoir_channel_cupy_direct_arch_sweep_n5_R5_k2_lam0p1,0,5000,1000,525,75,/home/local/USHERBROOKE/aara2601/projects/quark/storage/results/rebuttal/varma_ablation/architecture/varma_e2_three__N=6000__w=25__d=3__s=100/split=deterministic_random_Ntr=5000_Nte=1000_seed=0/quark_reservoir_channel_cupy_direct_arch_sweep_n5_R5_k2_lam0p1/seed=0,2.1669623274550713e-09,0.4918416837169437
architecture,varma_e2_three__N=6000__w=25__d=3__s=100,25,3,exp_fading_linear,quark_reservoir_channel_cupy_direct_arch_sweep_n5_R5_k2_lam0p1_kernel_readout_retune,0,5000,1000,525,75,/home/local/USHERBROOKE/aara2601/projects/quark/storage/results/rebuttal/varma_ablation/architecture/varma_e2_three__N=6000__w=25__d=3__s=100/split=deterministic_random_Ntr=5000_Nte=1000_seed=0/quark_reservoir_channel_cupy_direct_arch_sweep_n5_R5_k2_lam0p1_kernel_readout_retune/seed=0,0.049440391716445778,0.4984139446544823
architecture,varma_e2_three__N=6000__w=25__d=3__s=100,25,3,exp_fading_linear,quark_reservoir_channel_cupy_direct_arch_sweep_n5_R8_k2_lam0p1,0,5000,1000,840,75,/home/local/USHERBROOKE/aara2601/projects/quark/storage/results/rebuttal/varma_ablation/architecture/varma_e2_three__N=6000__w=25__d=3__s=100/split=deterministic_random_Ntr=5000_Nte=1000_seed=0/quark_reservoir_channel_cupy_direct_arch_sweep_n5_R8_k2_lam0p1/seed=0,1.4926284444008003e-09,0.3968143495268448
architecture,varma_e2_three__N=6000__w=25__d=3__s=100,25,3,exp_fading_linear,quark_reservoir_channel_cupy_direct_arch_sweep_n5_R8_k2_lam0p1_kernel_readout_retune,0,5000,1000,840,75,/home/local/USHERBROOKE/aara2601/projects/quark/storage/results/rebuttal/varma_ablation/architecture/varma_e2_three__N=6000__w=25__d=3__s=100/split=deterministic_random_Ntr=5000_Nte=1000_seed=0/quark_reservoir_channel_cupy_direct_arch_sweep_n5_R8_k2_lam0p1_kernel_readout_retune/seed=0,0.13229061970489733,0.38179857833121089
architecture,varma_e2_three__N=6000__w=25__d=3__s=100,25,3,exp_fading_linear,quark_reservoir_channel_cupy_direct_arch_sweep_n5_R3_k1_lam0p1,0,5000,1000,45,75,/home/local/USHERBROOKE/aara2601/projects/quark/storage/results/rebuttal/varma_ablation/architecture/varma_e2_three__N=6000__w=25__d=3__s=100/split=deterministic_random_Ntr=5000_Nte=1000_seed=0/quark_reservoir_channel_cupy_direct_arch_sweep_n5_R3_k1_lam0p1/seed=0,1.1210231679848609e-07,0.61417438701402949
architecture,varma_e2_three__N=6000__w=25__d=3__s=100,25,3,exp_fading_linear,quark_reservoir_channel_cupy_direct_arch_sweep_n5_R3_k1_lam0p1_kernel_readout_retune,0,5000,1000,45,75,/home/local/USHERBROOKE/aara2601/projects/quark/storage/results/rebuttal/varma_ablation/architecture/varma_e2_three__N=6000__w=25__d=3__s=100/split=deterministic_random_Ntr=5000_Nte=1000_seed=0/quark_reservoir_channel_cupy_direct_arch_sweep_n5_R3_k1_lam0p1_kernel_readout_retune/seed=0,0.050054740135590303,0.60934723322370477
architecture,varma_e2_three__N=6000__w=25__d=3__s=100,25,3,exp_fading_linear,quark_reservoir_channel_cupy_direct_arch_sweep_n5_R3_k3_lam0p1,0,5000,1000,1125,75,/home/local/USHERBROOKE/aara2601/projects/quark/storage/results/rebuttal/varma_ablation/architecture/varma_e2_three__N=6000__w=25__d=3__s=100/split=deterministic_random_Ntr=5000_Nte=1000_seed=0/quark_reservoir_channel_cupy_direct_arch_sweep_n5_R3_k3_lam0p1/seed=0,1.3800557293425222e-09,0.52568662723956705
architecture,varma_e2_three__N=6000__w=25__d=3__s=100,25,3,exp_fading_linear,quark_reservoir_channel_cupy_direct_arch_sweep_n5_R3_k3_lam0p1_kernel_readout_retune,0,5000,1000,1125,75,/home/local/USHERBROOKE/aara2601/projects/quark/storage/results/rebuttal/varma_ablation/architecture/varma_e2_three__N=6000__w=25__d=3__s=100/split=deterministic_random_Ntr=5000_Nte=1000_seed=0/quark_reservoir_channel_cupy_direct_arch_sweep_n5_R3_k3_lam0p1_kernel_readout_retune/seed=0,9.2886361475155813e-12,0.5451901863046702
architecture,varma_e2_three__N=6000__w=25__d=3__s=100,25,3,exp_fading_linear,quark_reservoir_channel_cupy_direct_arch_sweep_n5_R3_k2_lam0p01,0,5000,1000,315,75,/home/local/USHERBROOKE/aara2601/projects/quark/storage/results/rebuttal/varma_ablation/architecture/varma_e2_three__N=6000__w=25__d=3__s=100/split=deterministic_random_Ntr=5000_Nte=1000_seed=0/quark_reservoir_channel_cupy_direct_arch_sweep_n5_R3_k2_lam0p01/seed=0,7.1893516947058955e-09,0.52449796248541147
architecture,varma_e2_three__N=6000__w=25__d=3__s=100,25,3,exp_fading_linear,quark_reservoir_channel_cupy_direct_arch_sweep_n5_R3_k2_lam0p01_kernel_readout_retune,0,5000,1000,315,75,/home/local/USHERBROOKE/aara2601/projects/quark/storage/results/rebuttal/varma_ablation/architecture/varma_e2_three__N=6000__w=25__d=3__s=100/split=deterministic_random_Ntr=5000_Nte=1000_seed=0/quark_reservoir_channel_cupy_direct_arch_sweep_n5_R3_k2_lam0p01_kernel_readout_retune/seed=0,0.3478672744759575,0.49649291585220656
architecture,varma_e2_three__N=6000__w=25__d=3__s=100,25,3,exp_fading_linear,quark_reservoir_channel_cupy_direct_arch_sweep_n5_R3_k2_lam0p05,0,5000,1000,315,75,/home/local/USHERBROOKE/aara2601/projects/quark/storage/results/rebuttal/varma_ablation/architecture/varma_e2_three__N=6000__w=25__d=3__s=100/split=deterministic_random_Ntr=5000_Nte=1000_seed=0/quark_reservoir_channel_cupy_direct_arch_sweep_n5_R3_k2_lam0p05/seed=0,7.1233721716246145e-09,0.52144844259311962
architecture,varma_e2_three__N=6000__w=25__d=3__s=100,25,3,exp_fading_linear,quark_reservoir_channel_cupy_direct_arch_sweep_n5_R3_k2_lam0p05_kernel_readout_retune,0,5000,1000,315,75,/home/local/USHERBROOKE/aara2601/projects/quark/storage/results/rebuttal/varma_ablation/architecture/varma_e2_three__N=6000__w=25__d=3__s=100/split=deterministic_random_Ntr=5000_Nte=1000_seed=0/quark_reservoir_channel_cupy_direct_arch_sweep_n5_R3_k2_lam0p05_kernel_readout_retune/seed=0,0.33909639266335118,0.48474769611304114
architecture,varma_e2_three__N=6000__w=25__d=3__s=100,25,3,exp_fading_linear,quark_reservoir_channel_cupy_direct_arch_sweep_n5_R3_k2_lam0p3,0,5000,1000,315,75,/home/local/USHERBROOKE/aara2601/projects/quark/storage/results/rebuttal/varma_ablation/architecture/varma_e2_three__N=6000__w=25__d=3__s=100/split=deterministic_random_Ntr=5000_Nte=1000_seed=0/quark_reservoir_channel_cupy_direct_arch_sweep_n5_R3_k2_lam0p3/seed=0,6.1434033593445754e-09,0.4901984157191101
architecture,varma_e2_three__N=6000__w=25__d=3__s=100,25,3,exp_fading_linear,quark_reservoir_channel_cupy_direct_arch_sweep_n5_R3_k2_lam0p3_kernel_readout_retune,0,5000,1000,315,75,/home/local/USHERBROOKE/aara2601/projects/quark/storage/results/rebuttal/varma_ablation/architecture/varma_e2_three__N=6000__w=25__d=3__s=100/split=deterministic_random_Ntr=5000_Nte=1000_seed=0/quark_reservoir_channel_cupy_direct_arch_sweep_n5_R3_k2_lam0p3_kernel_readout_retune/seed=0,0.048394613907443804,0.48933611622294665
architecture,varma_e2_three__N=6000__w=25__d=3__s=100,25,3,exp_fading_linear,quark_reservoir_channel_cupy_direct_arch_sweep_n5_R3_k2_lam0p5,0,5000,1000,315,75,/home/local/USHERBROOKE/aara2601/projects/quark/storage/results/rebuttal/varma_ablation/architecture/varma_e2_three__N=6000__w=25__d=3__s=100/split=deterministic_random_Ntr=5000_Nte=1000_seed=0/quark_reservoir_channel_cupy_direct_arch_sweep_n5_R3_k2_lam0p5/seed=0,5.4051455300591044e-09,0.48175007887899091
architecture,varma_e2_three__N=6000__w=25__d=3__s=100,25,3,exp_fading_linear,quark_reservoir_channel_cupy_direct_arch_sweep_n5_R3_k2_lam0p5_kernel_readout_retune,0,5000,1000,315,75,/home/local/USHERBROOKE/aara2601/projects/quark/storage/results/rebuttal/varma_ablation/architecture/varma_e2_three__N=6000__w=25__d=3__s=100/split=deterministic_random_Ntr=5000_Nte=1000_seed=0/quark_reservoir_channel_cupy_direct_arch_sweep_n5_R3_k2_lam0p5_kernel_readout_retune/seed=0,0.040101313778519679,0.47740193198489961
architecture,varma_e2_three__N=6000__w=25__d=3__s=100,25,3,exp_fading_linear,quark_reservoir_channel_cupy_direct_arch_sweep_n5_R3_k2_lam0p8,0,5000,1000,315,75,/home/local/USHERBROOKE/aara2601/projects/quark/storage/results/rebuttal/varma_ablation/architecture/varma_e2_three__N=6000__w=25__d=3__s=100/split=deterministic_random_Ntr=5000_Nte=1000_seed=0/quark_reservoir_channel_cupy_direct_arch_sweep_n5_R3_k2_lam0p8/seed=0,4.4187905053138471e-09,0.4919453701788693
architecture,varma_e2_three__N=6000__w=25__d=3__s=100,25,3,exp_fading_linear,quark_reservoir_channel_cupy_direct_arch_sweep_n5_R3_k2_lam0p8_kernel_readout_retune,0,5000,1000,315,75,/home/local/USHERBROOKE/aara2601/projects/quark/storage/results/rebuttal/varma_ablation/architecture/varma_e2_three__N=6000__w=25__d=3__s=100/split=deterministic_random_Ntr=5000_Nte=1000_seed=0/quark_reservoir_channel_cupy_direct_arch_sweep_n5_R3_k2_lam0p8_kernel_readout_retune/seed=0,0.0044517945515341727,0.48169429239139028
architecture,varma_e2_three__N=6000__w=25__d=3__s=100,25,3,exp_fading_linear,quark_reservoir_channel_cupy_direct_arch_sweep_n5_R3_k2_lam0p95,0,5000,1000,315,75,/home/local/USHERBROOKE/aara2601/projects/quark/storage/results/rebuttal/varma_ablation/architecture/varma_e2_three__N=6000__w=25__d=3__s=100/split=deterministic_random_Ntr=5000_Nte=1000_seed=0/quark_reservoir_channel_cupy_direct_arch_sweep_n5_R3_k2_lam0p95/seed=0,1.3689343838244301e-07,0.54187351866708355
architecture,varma_e2_three__N=6000__w=25__d=3__s=100,25,3,exp_fading_linear,quark_reservoir_channel_cupy_direct_arch_sweep_n5_R3_k2_lam0p95_kernel_readout_retune,0,5000,1000,315,75,/home/local/USHERBROOKE/aara2601/projects/quark/storage/results/rebuttal/varma_ablation/architecture/varma_e2_three__N=6000__w=25__d=3__s=100/split=deterministic_random_Ntr=5000_Nte=1000_seed=0/quark_reservoir_channel_cupy_direct_arch_sweep_n5_R3_k2_lam0p95_kernel_readout_retune/seed=0,0.021755678436748381,0.53554729627237529
architecture,varma_e2_three__N=6000__w=25__d=3__s=100,25,3,exp_fading_linear,quark_reservoir_channel_cupy_direct_arch_zero_dynamics_n5_R3_k2_lam0p1,0,5000,1000,315,75,/home/local/USHERBROOKE/aara2601/projects/quark/storage/results/rebuttal/varma_ablation/architecture/varma_e2_three__N=6000__w=25__d=3__s=100/split=deterministic_random_Ntr=5000_Nte=1000_seed=0/quark_reservoir_channel_cupy_direct_arch_zero_dynamics_n5_R3_k2_lam0p1/seed=0,1.6115738440847985e-11,0.26944556676305442
architecture,varma_e2_three__N=6000__w=25__d=3__s=100,25,3,exp_fading_linear,quark_reservoir_channel_cupy_direct_arch_zero_dynamics_n5_R3_k2_lam0p1_kernel_readout_retune,0,5000,1000,315,75,/home/local/USHERBROOKE/aara2601/projects/quark/storage/results/rebuttal/varma_ablation/architecture/varma_e2_three__N=6000__w=25__d=3__s=100/split=deterministic_random_Ntr=5000_Nte=1000_seed=0/quark_reservoir_channel_cupy_direct_arch_zero_dynamics_n5_R3_k2_lam0p1_kernel_readout_retune/seed=0,0.0021991921841917656,0.27809460754874349
architecture,varma_e2_three__N=6000__w=25__d=3__s=100,25,3,volterra,quark_reservoir_channel_cupy_direct_arch_baseline_n5_R3_k2_lam0p1,0,5000,1000,315,75,/home/local/USHERBROOKE/aara2601/projects/quark/storage/results/rebuttal/varma_ablation/architecture/varma_e2_three__N=6000__w=25__d=3__s=100/split=deterministic_random_Ntr=5000_Nte=1000_seed=0/quark_reservoir_channel_cupy_direct_arch_baseline_n5_R3_k2_lam0p1/seed=0,8.8656184324615258e-09,0.6293879522217769
architecture,varma_e2_three__N=6000__w=25__d=3__s=100,25,3,volterra,quark_reservoir_channel_cupy_direct_arch_baseline_n5_R3_k2_lam0p1_kernel_readout_retune,0,5000,1000,315,75,/home/local/USHERBROOKE/aara2601/projects/quark/storage/results/rebuttal/varma_ablation/architecture/varma_e2_three__N=6000__w=25__d=3__s=100/split=deterministic_random_Ntr=5000_Nte=1000_seed=0/quark_reservoir_channel_cupy_direct_arch_baseline_n5_R3_k2_lam0p1_kernel_readout_retune/seed=0,0.44550822305253479,0.61631548323848773
architecture,varma_e2_three__N=6000__w=25__d=3__s=100,25,3,volterra,quark_reservoir_channel_cupy_direct_arch_no_jl_identity_pad_n5_R3_k2_lam0p1,0,5000,1000,315,75,/home/local/USHERBROOKE/aara2601/projects/quark/storage/results/rebuttal/varma_ablation/architecture/varma_e2_three__N=6000__w=25__d=3__s=100/split=deterministic_random_Ntr=5000_Nte=1000_seed=0/quark_reservoir_channel_cupy_direct_arch_no_jl_identity_pad_n5_R3_k2_lam0p1/seed=0,6.9616088314276958e-09,0.60607230997233297
architecture,varma_e2_three__N=6000__w=25__d=3__s=100,25,3,volterra,quark_reservoir_channel_cupy_direct_arch_no_jl_identity_pad_n5_R3_k2_lam0p1_kernel_readout_retune,0,5000,1000,315,75,/home/local/USHERBROOKE/aara2601/projects/quark/storage/results/rebuttal/varma_ablation/architecture/varma_e2_three__N=6000__w=25__d=3__s=100/split=deterministic_random_Ntr=5000_Nte=1000_seed=0/quark_reservoir_channel_cupy_direct_arch_no_jl_identity_pad_n5_R3_k2_lam0p1_kernel_readout_retune/seed=0,0.0055266028073806643,0.60574150524124892
architecture,varma_e2_three__N=6000__w=25__d=3__s=100,25,3,volterra,quark_reservoir_channel_cupy_direct_arch_sweep_n10_R3_k2_lam0p1,0,5000,1000,1305,75,/home/local/USHERBROOKE/aara2601/projects/quark/storage/results/rebuttal/varma_ablation/architecture/varma_e2_three__N=6000__w=25__d=3__s=100/split=deterministic_random_Ntr=5000_Nte=1000_seed=0/quark_reservoir_channel_cupy_direct_arch_sweep_n10_R3_k2_lam0p1/seed=0,2.2815214342399202e-12,0.58743435586253778
architecture,varma_e2_three__N=6000__w=25__d=3__s=100,25,3,volterra,quark_reservoir_channel_cupy_direct_arch_sweep_n10_R3_k2_lam0p1_kernel_readout_retune,0,5000,1000,1305,75,/home/local/USHERBROOKE/aara2601/projects/quark/storage/results/rebuttal/varma_ablation/architecture/varma_e2_three__N=6000__w=25__d=3__s=100/split=deterministic_random_Ntr=5000_Nte=1000_seed=0/quark_reservoir_channel_cupy_direct_arch_sweep_n10_R3_k2_lam0p1_kernel_readout_retune/seed=0,2.592376212085813e-05,0.58608329919768654
architecture,varma_e2_three__N=6000__w=25__d=3__s=100,25,3,volterra,quark_reservoir_channel_cupy_direct_arch_sweep_n3_R3_k2_lam0p1,0,5000,1000,108,75,/home/local/USHERBROOKE/aara2601/projects/quark/storage/results/rebuttal/varma_ablation/architecture/varma_e2_three__N=6000__w=25__d=3__s=100/split=deterministic_random_Ntr=5000_Nte=1000_seed=0/quark_reservoir_channel_cupy_direct_arch_sweep_n3_R3_k2_lam0p1/seed=0,2.1063063521673942e-08,0.71364375486866194
architecture,varma_e2_three__N=6000__w=25__d=3__s=100,25,3,volterra,quark_reservoir_channel_cupy_direct_arch_sweep_n3_R3_k2_lam0p1_kernel_readout_retune,0,5000,1000,108,75,/home/local/USHERBROOKE/aara2601/projects/quark/storage/results/rebuttal/varma_ablation/architecture/varma_e2_three__N=6000__w=25__d=3__s=100/split=deterministic_random_Ntr=5000_Nte=1000_seed=0/quark_reservoir_channel_cupy_direct_arch_sweep_n3_R3_k2_lam0p1_kernel_readout_retune/seed=0,0.33636539114512959,0.68807123162510564
architecture,varma_e2_three__N=6000__w=25__d=3__s=100,25,3,volterra,quark_reservoir_channel_cupy_direct_arch_sweep_n6_R3_k2_lam0p1,0,5000,1000,459,75,/home/local/USHERBROOKE/aara2601/projects/quark/storage/results/rebuttal/varma_ablation/architecture/varma_e2_three__N=6000__w=25__d=3__s=100/split=deterministic_random_Ntr=5000_Nte=1000_seed=0/quark_reservoir_channel_cupy_direct_arch_sweep_n6_R3_k2_lam0p1/seed=0,2.2810286228056275e-08,0.57414513685391244
architecture,varma_e2_three__N=6000__w=25__d=3__s=100,25,3,volterra,quark_reservoir_channel_cupy_direct_arch_sweep_n6_R3_k2_lam0p1_kernel_readout_retune,0,5000,1000,459,75,/home/local/USHERBROOKE/aara2601/projects/quark/storage/results/rebuttal/varma_ablation/architecture/varma_e2_three__N=6000__w=25__d=3__s=100/split=deterministic_random_Ntr=5000_Nte=1000_seed=0/quark_reservoir_channel_cupy_direct_arch_sweep_n6_R3_k2_lam0p1_kernel_readout_retune/seed=0,0.37341335176425267,0.47878815690308818
architecture,varma_e2_three__N=6000__w=25__d=3__s=100,25,3,volterra,quark_reservoir_channel_cupy_direct_arch_sweep_n8_R3_k2_lam0p1,0,5000,1000,828,75,/home/local/USHERBROOKE/aara2601/projects/quark/storage/results/rebuttal/varma_ablation/architecture/varma_e2_three__N=6000__w=25__d=3__s=100/split=deterministic_random_Ntr=5000_Nte=1000_seed=0/quark_reservoir_channel_cupy_direct_arch_sweep_n8_R3_k2_lam0p1/seed=0,0.00054083435482541842,0.50324150488241604
architecture,varma_e2_three__N=6000__w=25__d=3__s=100,25,3,volterra,quark_reservoir_channel_cupy_direct_arch_sweep_n8_R3_k2_lam0p1_kernel_readout_retune,0,5000,1000,828,75,/home/local/USHERBROOKE/aara2601/projects/quark/storage/results/rebuttal/varma_ablation/architecture/varma_e2_three__N=6000__w=25__d=3__s=100/split=deterministic_random_Ntr=5000_Nte=1000_seed=0/quark_reservoir_channel_cupy_direct_arch_sweep_n8_R3_k2_lam0p1_kernel_readout_retune/seed=0,0.26241638196297534,0.51073638268294608
architecture,varma_e2_three__N=6000__w=25__d=3__s=100,25,3,volterra,quark_reservoir_channel_cupy_direct_arch_sweep_n5_R1_k2_lam0p1,0,5000,1000,105,75,/home/local/USHERBROOKE/aara2601/projects/quark/storage/results/rebuttal/varma_ablation/architecture/varma_e2_three__N=6000__w=25__d=3__s=100/split=deterministic_random_Ntr=5000_Nte=1000_seed=0/quark_reservoir_channel_cupy_direct_arch_sweep_n5_R1_k2_lam0p1/seed=0,0.46809767068220842,0.65832651726431157
architecture,varma_e2_three__N=6000__w=25__d=3__s=100,25,3,volterra,quark_reservoir_channel_cupy_direct_arch_sweep_n5_R1_k2_lam0p1_kernel_readout_retune,0,5000,1000,105,75,/home/local/USHERBROOKE/aara2601/projects/quark/storage/results/rebuttal/varma_ablation/architecture/varma_e2_three__N=6000__w=25__d=3__s=100/split=deterministic_random_Ntr=5000_Nte=1000_seed=0/quark_reservoir_channel_cupy_direct_arch_sweep_n5_R1_k2_lam0p1_kernel_readout_retune/seed=0,0.63026860880405922,0.73251336856272042
architecture,varma_e2_three__N=6000__w=25__d=3__s=100,25,3,volterra,quark_reservoir_channel_cupy_direct_arch_sweep_n5_R5_k2_lam0p1,0,5000,1000,525,75,/home/local/USHERBROOKE/aara2601/projects/quark/storage/results/rebuttal/varma_ablation/architecture/varma_e2_three__N=6000__w=25__d=3__s=100/split=deterministic_random_Ntr=5000_Nte=1000_seed=0/quark_reservoir_channel_cupy_direct_arch_sweep_n5_R5_k2_lam0p1/seed=0,0.0018240963363841726,0.62840320047453679
architecture,varma_e2_three__N=6000__w=25__d=3__s=100,25,3,volterra,quark_reservoir_channel_cupy_direct_arch_sweep_n5_R5_k2_lam0p1_kernel_readout_retune,0,5000,1000,525,75,/home/local/USHERBROOKE/aara2601/projects/quark/storage/results/rebuttal/varma_ablation/architecture/varma_e2_three__N=6000__w=25__d=3__s=100/split=deterministic_random_Ntr=5000_Nte=1000_seed=0/quark_reservoir_channel_cupy_direct_arch_sweep_n5_R5_k2_lam0p1_kernel_readout_retune/seed=0,0.26435989967612311,0.65995630167610275
architecture,varma_e2_three__N=6000__w=25__d=3__s=100,25,3,volterra,quark_reservoir_channel_cupy_direct_arch_sweep_n5_R8_k2_lam0p1,0,5000,1000,840,75,/home/local/USHERBROOKE/aara2601/projects/quark/storage/results/rebuttal/varma_ablation/architecture/varma_e2_three__N=6000__w=25__d=3__s=100/split=deterministic_random_Ntr=5000_Nte=1000_seed=0/quark_reservoir_channel_cupy_direct_arch_sweep_n5_R8_k2_lam0p1/seed=0,2.2016240823205217e-09,0.56609371565444688
architecture,varma_e2_three__N=6000__w=25__d=3__s=100,25,3,volterra,quark_reservoir_channel_cupy_direct_arch_sweep_n5_R8_k2_lam0p1_kernel_readout_retune,0,5000,1000,840,75,/home/local/USHERBROOKE/aara2601/projects/quark/storage/results/rebuttal/varma_ablation/architecture/varma_e2_three__N=6000__w=25__d=3__s=100/split=deterministic_random_Ntr=5000_Nte=1000_seed=0/quark_reservoir_channel_cupy_direct_arch_sweep_n5_R8_k2_lam0p1_kernel_readout_retune/seed=0,0.41680062404949203,0.58701026595602535
architecture,varma_e2_three__N=6000__w=25__d=3__s=100,25,3,volterra,quark_reservoir_channel_cupy_direct_arch_sweep_n5_R3_k1_lam0p1,0,5000,1000,45,75,/home/local/USHERBROOKE/aara2601/projects/quark/storage/results/rebuttal/varma_ablation/architecture/varma_e2_three__N=6000__w=25__d=3__s=100/split=deterministic_random_Ntr=5000_Nte=1000_seed=0/quark_reservoir_channel_cupy_direct_arch_sweep_n5_R3_k1_lam0p1/seed=0,1.3715671810964105e-07,0.72354532429061313
architecture,varma_e2_three__N=6000__w=25__d=3__s=100,25,3,volterra,quark_reservoir_channel_cupy_direct_arch_sweep_n5_R3_k1_lam0p1_kernel_readout_retune,0,5000,1000,45,75,/home/local/USHERBROOKE/aara2601/projects/quark/storage/results/rebuttal/varma_ablation/architecture/varma_e2_three__N=6000__w=25__d=3__s=100/split=deterministic_random_Ntr=5000_Nte=1000_seed=0/quark_reservoir_channel_cupy_direct_arch_sweep_n5_R3_k1_lam0p1_kernel_readout_retune/seed=0,0.60948264598261837,0.7039769188326126
architecture,varma_e2_three__N=6000__w=25__d=3__s=100,25,3,volterra,quark_reservoir_channel_cupy_direct_arch_sweep_n5_R3_k3_lam0p1,0,5000,1000,1125,75,/home/local/USHERBROOKE/aara2601/projects/quark/storage/results/rebuttal/varma_ablation/architecture/varma_e2_three__N=6000__w=25__d=3__s=100/split=deterministic_random_Ntr=5000_Nte=1000_seed=0/quark_reservoir_channel_cupy_direct_arch_sweep_n5_R3_k3_lam0p1/seed=0,5.7682707345383966e-12,0.65925229228056637
architecture,varma_e2_three__N=6000__w=25__d=3__s=100,25,3,volterra,quark_reservoir_channel_cupy_direct_arch_sweep_n5_R3_k3_lam0p1_kernel_readout_retune,0,5000,1000,1125,75,/home/local/USHERBROOKE/aara2601/projects/quark/storage/results/rebuttal/varma_ablation/architecture/varma_e2_three__N=6000__w=25__d=3__s=100/split=deterministic_random_Ntr=5000_Nte=1000_seed=0/quark_reservoir_channel_cupy_direct_arch_sweep_n5_R3_k3_lam0p1_kernel_readout_retune/seed=0,0.073214489093194668,0.67268012866687577
architecture,varma_e2_three__N=6000__w=25__d=3__s=100,25,3,volterra,quark_reservoir_channel_cupy_direct_arch_sweep_n5_R3_k2_lam0p01,0,5000,1000,315,75,/home/local/USHERBROOKE/aara2601/projects/quark/storage/results/rebuttal/varma_ablation/architecture/varma_e2_three__N=6000__w=25__d=3__s=100/split=deterministic_random_Ntr=5000_Nte=1000_seed=0/quark_reservoir_channel_cupy_direct_arch_sweep_n5_R3_k2_lam0p01/seed=0,9.1517892746558549e-09,0.64336648153890519
architecture,varma_e2_three__N=6000__w=25__d=3__s=100,25,3,volterra,quark_reservoir_channel_cupy_direct_arch_sweep_n5_R3_k2_lam0p01_kernel_readout_retune,0,5000,1000,315,75,/home/local/USHERBROOKE/aara2601/projects/quark/storage/results/rebuttal/varma_ablation/architecture/varma_e2_three__N=6000__w=25__d=3__s=100/split=deterministic_random_Ntr=5000_Nte=1000_seed=0/quark_reservoir_channel_cupy_direct_arch_sweep_n5_R3_k2_lam0p01_kernel_readout_retune/seed=0,0.46639755826459206,0.64140437025920738
architecture,varma_e2_three__N=6000__w=25__d=3__s=100,25,3,volterra,quark_reservoir_channel_cupy_direct_arch_sweep_n5_R3_k2_lam0p05,0,5000,1000,315,75,/home/local/USHERBROOKE/aara2601/projects/quark/storage/results/rebuttal/varma_ablation/architecture/varma_e2_three__N=6000__w=25__d=3__s=100/split=deterministic_random_Ntr=5000_Nte=1000_seed=0/quark_reservoir_channel_cupy_direct_arch_sweep_n5_R3_k2_lam0p05/seed=0,9.0571898906371945e-09,0.63792849473325464
architecture,varma_e2_three__N=6000__w=25__d=3__s=100,25,3,volterra,quark_reservoir_channel_cupy_direct_arch_sweep_n5_R3_k2_lam0p05_kernel_readout_retune,0,5000,1000,315,75,/home/local/USHERBROOKE/aara2601/projects/quark/storage/results/rebuttal/varma_ablation/architecture/varma_e2_three__N=6000__w=25__d=3__s=100/split=deterministic_random_Ntr=5000_Nte=1000_seed=0/quark_reservoir_channel_cupy_direct_arch_sweep_n5_R3_k2_lam0p05_kernel_readout_retune/seed=0,0.45496213349995235,0.62754384820776798
architecture,varma_e2_three__N=6000__w=25__d=3__s=100,25,3,volterra,quark_reservoir_channel_cupy_direct_arch_sweep_n5_R3_k2_lam0p3,0,5000,1000,315,75,/home/local/USHERBROOKE/aara2601/projects/quark/storage/results/rebuttal/varma_ablation/architecture/varma_e2_three__N=6000__w=25__d=3__s=100/split=deterministic_random_Ntr=5000_Nte=1000_seed=0/quark_reservoir_channel_cupy_direct_arch_sweep_n5_R3_k2_lam0p3/seed=0,7.9438990434328939e-09,0.60442521735556631
architecture,varma_e2_three__N=6000__w=25__d=3__s=100,25,3,volterra,quark_reservoir_channel_cupy_direct_arch_sweep_n5_R3_k2_lam0p3_kernel_readout_retune,0,5000,1000,315,75,/home/local/USHERBROOKE/aara2601/projects/quark/storage/results/rebuttal/varma_ablation/architecture/varma_e2_three__N=6000__w=25__d=3__s=100/split=deterministic_random_Ntr=5000_Nte=1000_seed=0/quark_reservoir_channel_cupy_direct_arch_sweep_n5_R3_k2_lam0p3_kernel_readout_retune/seed=0,0.39110863556008235,0.60645937593191424
architecture,varma_e2_three__N=6000__w=25__d=3__s=100,25,3,volterra,quark_reservoir_channel_cupy_direct_arch_sweep_n5_R3_k2_lam0p5,0,5000,1000,315,75,/home/local/USHERBROOKE/aara2601/projects/quark/storage/results/rebuttal/varma_ablation/architecture/varma_e2_three__N=6000__w=25__d=3__s=100/split=deterministic_random_Ntr=5000_Nte=1000_seed=0/quark_reservoir_channel_cupy_direct_arch_sweep_n5_R3_k2_lam0p5/seed=0,6.9541446635955575e-09,0.59411700116324806
architecture,varma_e2_three__N=6000__w=25__d=3__s=100,25,3,volterra,quark_reservoir_channel_cupy_direct_arch_sweep_n5_R3_k2_lam0p5_kernel_readout_retune,0,5000,1000,315,75,/home/local/USHERBROOKE/aara2601/projects/quark/storage/results/rebuttal/varma_ablation/architecture/varma_e2_three__N=6000__w=25__d=3__s=100/split=deterministic_random_Ntr=5000_Nte=1000_seed=0/quark_reservoir_channel_cupy_direct_arch_sweep_n5_R3_k2_lam0p5_kernel_readout_retune/seed=0,0.38600437164335977,0.61253553572471331
architecture,varma_e2_three__N=6000__w=25__d=3__s=100,25,3,volterra,quark_reservoir_channel_cupy_direct_arch_sweep_n5_R3_k2_lam0p8,0,5000,1000,315,75,/home/local/USHERBROOKE/aara2601/projects/quark/storage/results/rebuttal/varma_ablation/architecture/varma_e2_three__N=6000__w=25__d=3__s=100/split=deterministic_random_Ntr=5000_Nte=1000_seed=0/quark_reservoir_channel_cupy_direct_arch_sweep_n5_R3_k2_lam0p8/seed=0,9.6936164029387833e-12,0.60269117870612765
architecture,varma_e2_three__N=6000__w=25__d=3__s=100,25,3,volterra,quark_reservoir_channel_cupy_direct_arch_sweep_n5_R3_k2_lam0p8_kernel_readout_retune,0,5000,1000,315,75,/home/local/USHERBROOKE/aara2601/projects/quark/storage/results/rebuttal/varma_ablation/architecture/varma_e2_three__N=6000__w=25__d=3__s=100/split=deterministic_random_Ntr=5000_Nte=1000_seed=0/quark_reservoir_channel_cupy_direct_arch_sweep_n5_R3_k2_lam0p8_kernel_readout_retune/seed=0,0.21991231591265203,0.61430069975595125
architecture,varma_e2_three__N=6000__w=25__d=3__s=100,25,3,volterra,quark_reservoir_channel_cupy_direct_arch_sweep_n5_R3_k2_lam0p95,0,5000,1000,315,75,/home/local/USHERBROOKE/aara2601/projects/quark/storage/results/rebuttal/varma_ablation/architecture/varma_e2_three__N=6000__w=25__d=3__s=100/split=deterministic_random_Ntr=5000_Nte=1000_seed=0/quark_reservoir_channel_cupy_direct_arch_sweep_n5_R3_k2_lam0p95/seed=0,4.9687154302121515e-09,0.70146669169106923
architecture,varma_e2_three__N=6000__w=25__d=3__s=100,25,3,volterra,quark_reservoir_channel_cupy_direct_arch_sweep_n5_R3_k2_lam0p95_kernel_readout_retune,0,5000,1000,315,75,/home/local/USHERBROOKE/aara2601/projects/quark/storage/results/rebuttal/varma_ablation/architecture/varma_e2_three__N=6000__w=25__d=3__s=100/split=deterministic_random_Ntr=5000_Nte=1000_seed=0/quark_reservoir_channel_cupy_direct_arch_sweep_n5_R3_k2_lam0p95_kernel_readout_retune/seed=0,0.027449528638938996,0.69426793708931978
architecture,varma_e2_three__N=6000__w=25__d=3__s=100,25,3,volterra,quark_reservoir_channel_cupy_direct_arch_zero_dynamics_n5_R3_k2_lam0p1,0,5000,1000,315,75,/home/local/USHERBROOKE/aara2601/projects/quark/storage/results/rebuttal/varma_ablation/architecture/varma_e2_three__N=6000__w=25__d=3__s=100/split=deterministic_random_Ntr=5000_Nte=1000_seed=0/quark_reservoir_channel_cupy_direct_arch_zero_dynamics_n5_R3_k2_lam0p1/seed=0,1.3247195291458437e-11,0.42482789592416814
architecture,varma_e2_three__N=6000__w=25__d=3__s=100,25,3,volterra,quark_reservoir_channel_cupy_direct_arch_zero_dynamics_n5_R3_k2_lam0p1_kernel_readout_retune,0,5000,1000,315,75,/home/local/USHERBROOKE/aara2601/projects/quark/storage/results/rebuttal/varma_ablation/architecture/varma_e2_three__N=6000__w=25__d=3__s=100/split=deterministic_random_Ntr=5000_Nte=1000_seed=0/quark_reservoir_channel_cupy_direct_arch_zero_dynamics_n5_R3_k2_lam0p1_kernel_readout_retune/seed=0,0.14146020175590207,0.40583313929756398
